AMINO_ACID,REASON
E,-0.7160324534212472
G,-0.051562234875825515
L,0.3454554926996017
I,0.3491167642761118
W,0.16193054672465687
V,0.2793844088764298
P,-0.6980657708251331
A,0.16491929171267855
F,0.24679489602991192
C,0.10417273441409643
Y,0.010710811889631482
K,-0.12630971415820713
R,-0.07802583447199089
S,-0.19832863839777862
D,-0.7929616171302567
M,0.08336788436718723
T,-0.14591629163945719
N,-0.6154454450965532
Q,-0.4040902596958321
H,-0.3498364814793701
U,0